54,Rounding
279,Multiplication and Division Integers
79,Proportion
86,Exponents
311,Equation Solving Two or Fewer Steps
11,Venn Diagram
280,Addition and Subtraction Fractions
338,Combining Like Terms
81,Unit Rate
325,Write Linear Equation from Graph
322,Write Linear Equation from Ordered Pairs
13,Median
312,Equation Solving More Than Two Steps
75,Square Root
336,Finding y intercept from Linear Equation
315,Parallel and Perpendicular Lines
340,Distributive Property
70,Percent Of
67,Multiplication Fractions
277,Addition and Subtraction Integers
24,Congruence
363,Multiplying non Monomial Polynomials
309,Order of Operations addition subtraction division multiplication parentheses positive reals
324,Recognize Linear Pattern
333,Finding Slope From Equation
25,Complementary and Supplementary Angles
378,Solving Systems of Linear Equations by Graphing
49,Ordering Positive Decimals
110,Understanding concept of probabilities
42,Perimeter of a Polygon
368,Solving for a variable
12,Mean
103,Point Plotting
34,Unit Conversion Within a System
47,Conversion of Fraction Decimals Percents
61,Division Fractions
296,Area Rectangle
82,Scientific Notation
15,Range
51,Ordering Integers
27,Pythagorean Theorem
307,Volume Rectangular Prism
65,Least Common Multiple
323,Write Linear Equation from Situation
326,Write Linear Equation from Slope and y intercept
46,Calculations with Similar Figures
278,Addition and Subtraction Positive Decimals
299,Surface Area Cylinder
8,Scatter Plot
77,Finding Percents
85,Absolute Value
523,Picking Expressions From Choices
310,Order of Operations All
80,Scale Factor
297,Area Trapezoid
39,Area Circle
301,Surface Area Rectangular Prism
302,Surface Area Sphere
53,Ordering Real Numbers
166,Algebraic Solving
21,Interior Angles Figures with More than 3 Sides
92,Pattern Finding
95,Substitution
17,Probability of Two Distinct Events
288,Properties and Classification Rectangular Prisms
334,Finding Slope from Ordered Pairs
282,Properties and Classification Polygons with 5 or more sides
281,Properties and Classification Triangles
371,Simplifying Expressions positive exponents
84,Prime Number
48,Equivalent Fractions
314,Angles Obtuse Acute and Right
1,Box and Whisker
362,Parts of a Polynomial Terms Coefficient Monomial Exponent Variable
350,Solving Systems of Linear Equations
4,Histogram as Table or Graph
306,Volume Pyramid
298,Area Triangle
83,Divisibility Rules
294,Area Irregular Figure
577,Nets of 3D Objects
331,Finding Slope From Situation
22,Interior Angles Triangle
36,Unit Conversion Standard to Metric
346,Polynomial Factors
317,Greatest Common Factor
332,Finding Slope from Graph
90,Picking Equation and Inequality from Choices
303,Volume Cylinder
173,Choose an Equation from Given Information
308,Volume Sphere
217,Rate
356,Quadratic Formula to Solve Quadratic Equation
40,Circumference
283,Properties and Classification Quadrilaterals
343,Midpoint
295,Area Parallelogram
392,Surface Area of Prism
50,Ordering Fractions
41,Definition Pi
5,Number Line
287,Properties and Classification Prism
18,Probability of a Single Event
276,Multiplication and Division Positive Decimals
63,Estimation
292,Rotations
26,Angles on Parallel Lines Cut by a Transversal
575,Concept Volume
58,Addition Whole Numbers
358,Making a Table from an Equation
284,Properties and Classification Circle
584,Multiplication Proper Fractions
574,Subtraction Mixed Fractions
366,Composition of Function Adding
305,Volume Cone
354,Factoring Polynomials Standard
304,Volume Prism
319,Prime Factor
591,Subtraction Proper Fractions
582,Multiplication Positive Decimals
16,Counting Methods
32,Nets of 3D Figures
88,Inverse Relations
365,Interpreting Coordinate Graphs 
106,Graph Shape
33,English and Metric Terminology
222,Solving Inequalities
218,Finding Ratios
62,Division Whole Numbers
7,Sampling Techniques
290,Reflection
203,Percent Discount
339,Bar Graph
240,X Y Graph Reading
69,Multiplication Whole Numbers
316,Expanded Standard and Word Notation
74,Subtraction Whole Numbers
321,Computation with Real Numbers
78,Percent Increase or Decrease
391,Graphing Linear Equations
230,Surface Area of 3D Objects
327,Comparing and Identifying Slope Rate of Change
293,Translations
10,Table
300,Surface Area Pyramid
9,Stem and Leaf Plot
590,Addition Mixed Fractions
360,Writing Expression from Diagrams
387,Perimeter of an Irregular Figure
14,Mode
64,Fraction Of
318,Multiplication Division by Powers of 10
344,Distance Formula
231,Symbolization
223,Solving System of Equation
204,Percents
6,Line Plot
214,Quadratic Equation Solving
585,Division Proper Fractions
581,Circle Concept
233,Transformation
583,Multiplication Mixed Fractions
589,Addition Proper Fractions
393,Associative Property
370,Recognizing Equivalent Expressions
376,Graphing Inequalities on a number line
388,Common Multiple
52,Ordering Whole Numbers
359,Commutative Property
172,Calculation with addition subtraction multiplication division
2,Circle Graph
224,Square Roots
35,Effect of Changing Dimensions of a Shape Proportionally
573,Division Mixed Fractions
192,Line of Best Fit
238,Volume of 3D Objects
345,Properties and Classification of Pyramid
313,Tree Diagrams Lists for Counting
386,Odd and Even Number
206,Factoring Trinomials
289,Line Symmetry
165,Algebraic Simplification
389,Common Factor
385,Elapsed Time
184,Geometric Definitions
197,Mean Median Mode Range Differentiation
361,Recognizing Expressions or Equations from Diagrams
220,Similar Figures
355,Solve Quadratic Equations Using Factoring
43,Reading a Ruler or Scale
320,Equal As Balance Concept
209,Properties of Numbers
348,Recognize Quadratic Pattern
178,Combinatorics
291,Rotational Symmetry
177,Coordinate Points
